links_retrieved,title,dates
https://forum.lowyat.net/topic/4390346,"Najib is a DICTATOR, a kleptocratic DICTATOR !",20170817T235000
https://forum.lowyat.net/topic/4390346,"Najib is a DICTATOR, a kleptocratic DICTATOR !",20170817T235000
https://forum.lowyat.net/topic/4383686,1MDB: Ini cara PAS,20170809T170200
https://forum.lowyat.net/topic/4383686,1MDB: Ini cara PAS,20170809T170200
https://forum.lowyat.net/topic/4395648,Hadi: Isu Memali PAS sedia.,20170825T112100
https://forum.lowyat.net/topic/4395648,Hadi: Isu Memali PAS sedia.,20170825T112100
https://forum.lowyat.net/topic/4397790,BN is buying FB pages for propaganda,20170828T220400
https://forum.lowyat.net/topic/4397790,BN is buying FB pages for propaganda,20170828T220400
https://forum.lowyat.net/topic/4386495,PM: Federal Govt Under BN Never Abused,20170812T192800
https://forum.lowyat.net/topic/4386495,PM: Federal Govt Under BN Never Abused,20170812T192800
https://forum.lowyat.net/topic/4399379,Selangor PKR Grassroots: Fear Three Cornered,20170831T113600
https://forum.lowyat.net/topic/4399379,Selangor PKR Grassroots: Fear Three Cornered,20170831T113600
https://forum.lowyat.net/topic/4399569,Two-thirds majority for BN more likely,20170831T164000
https://forum.lowyat.net/topic/4399569,Two-thirds majority for BN more likely,20170831T164000
https://forum.lowyat.net/topic/4399606,Friends of BN but comments all one kind one? haha.,20170831T174700
https://forum.lowyat.net/topic/4399606,Friends of BN but comments all one kind one? haha.,20170831T174700
https://forum.lowyat.net/topic/4399485,I will vote BN for sure.,20170831T142200
https://forum.lowyat.net/topic/4399485,I will vote BN for sure.,20170831T142200
https://forum.lowyat.net/topic/4399360,Employment contract contradict with PH Act,20170831T111400
https://forum.lowyat.net/topic/4399360,Employment contract contradict with PH Act,20170831T111400
https://forum.lowyat.net/topic/4399330,Azmin backs down: no cooperation with PAS,20170831T101400
https://forum.lowyat.net/topic/4399330,Azmin backs down: no cooperation with PAS,20170831T101400
https://forum.lowyat.net/topic/4399341,PH vows to keep pro-Bumi policies,20170831T104200
https://forum.lowyat.net/topic/4399341,PH vows to keep pro-Bumi policies,20170831T104200
https://forum.lowyat.net/topic/4398692,Perlis Umno duo sued for allegedly nixing deal on,20170830T105700
https://forum.lowyat.net/topic/4398692,Perlis Umno duo sued for allegedly nixing deal on,20170830T105700
https://forum.lowyat.net/topic/4399450,Tony Pua: How did 1MDB pay IPIC?,20170831T134000
https://forum.lowyat.net/topic/4399450,Tony Pua: How did 1MDB pay IPIC?,20170831T134000
https://forum.lowyat.net/topic/4399367,"Did MCA and MIC back down, for BERSATU",20170831T112000
https://forum.lowyat.net/topic/4399367,"Did MCA and MIC back down, for BERSATU",20170831T112000
https://forum.lowyat.net/topic/4399367,"Did MCA and MIC back down, for BERSATU",20170831T112000
https://forum.lowyat.net/topic/4399367,"Did MCA and MIC back down, for BERSATU",20170831T112000
https://forum.lowyat.net/topic/4399316,Najib:  it's a gift when I deliver promises,20170831T094500
https://forum.lowyat.net/topic/4399316,Najib:  it's a gift when I deliver promises,20170831T094500
https://forum.lowyat.net/topic/4399321,Pakatan Harapan Appoints State Chief,20170831T095900
https://forum.lowyat.net/topic/4399321,Pakatan Harapan Appoints State Chief,20170831T095900
https://forum.lowyat.net/topic/4399321,Pakatan Harapan Appoints State Chief,20170831T095900
https://forum.lowyat.net/topic/4399321,Pakatan Harapan Appoints State Chief,20170831T095900
https://forum.lowyat.net/topic/4399231,How Pakatan can...,20170831T010400
https://forum.lowyat.net/topic/4399231,How Pakatan can...,20170831T010400
https://forum.lowyat.net/topic/4399112,Who is right in Basketball MY vs PH,20170830T204600
https://forum.lowyat.net/topic/4399112,Who is right in Basketball MY vs PH,20170830T204600
https://forum.lowyat.net/topic/4399069,najib house got break-in; valuables stolen,20170830T194500
https://forum.lowyat.net/topic/4399069,najib house got break-in; valuables stolen,20170830T194500
https://forum.lowyat.net/topic/4399125,CJ extension pays off for Najib: Court rules Najib,20170830T212100
https://forum.lowyat.net/topic/4399125,CJ extension pays off for Najib: Court rules Najib,20170830T212100
https://forum.lowyat.net/topic/4399158,Ucapan khas Dr Mahathir Sempena,20170830T222600
https://forum.lowyat.net/topic/4399158,Ucapan khas Dr Mahathir Sempena,20170830T222600
https://forum.lowyat.net/topic/4399135,Attention loving MACC boss inappropriately gives,20170830T214900
https://forum.lowyat.net/topic/4397542,MACC VS LGE - 4th Sept,20170828T160800
https://forum.lowyat.net/topic/4398803,"ADUN Kepayan, Edwin Bosi keluar DAP",20170830T133000
https://forum.lowyat.net/topic/4398803,"ADUN Kepayan, Edwin Bosi keluar DAP",20170830T133000
https://forum.lowyat.net/topic/4398635,Azmin's PKR wants to work with PAS,20170830T091500
https://forum.lowyat.net/topic/4398635,Azmin's PKR wants to work with PAS,20170830T091500
https://forum.lowyat.net/topic/4398635,Azmin's PKR wants to work with PAS,20170830T091500
https://forum.lowyat.net/topic/4398635,Azmin's PKR wants to work with PAS,20170830T091500
https://forum.lowyat.net/topic/4397987,PH won't cooperate with PAS after all,20170829T101400
https://forum.lowyat.net/topic/4397987,PH won't cooperate with PAS after all,20170829T101400
https://forum.lowyat.net/topic/4397987,PH won't cooperate with PAS after all,20170829T101400
https://forum.lowyat.net/topic/4397987,PH won't cooperate with PAS after all,20170829T101400
https://forum.lowyat.net/topic/4398247,Kit Siang: PAS wants candidates to be,20170829T154600
https://forum.lowyat.net/topic/4398247,Kit Siang: PAS wants candidates to be,20170829T154600
https://forum.lowyat.net/topic/4384680,"PR1MA: Janji 500,000 bina 8,475, kata PKR",20170810T151100
https://forum.lowyat.net/topic/4384680,"PR1MA: Janji 500,000 bina 8,475, kata PKR",20170810T151100
https://forum.lowyat.net/topic/4398626,Why PAS / Talibans never comment on athlete attire,20170830T085100
https://forum.lowyat.net/topic/4398626,Why PAS / Talibans never comment on athlete attire,20170830T085100
https://forum.lowyat.net/topic/4398633,UMNO: Kami seronok PKR berpecah,20170830T091100
https://forum.lowyat.net/topic/4398633,UMNO: Kami seronok PKR berpecah,20170830T091100
https://forum.lowyat.net/topic/4398633,UMNO: Kami seronok PKR berpecah,20170830T091100
https://forum.lowyat.net/topic/4398633,UMNO: Kami seronok PKR berpecah,20170830T091100
https://forum.lowyat.net/topic/4398690,"""Penang"" truly belongs to DAP",20170830T105000
https://forum.lowyat.net/topic/4398690,"""Penang"" truly belongs to DAP",20170830T105000
https://forum.lowyat.net/topic/4397395,Najib: Semua acara saya pergi Malaysia menang,20170828T132900
https://forum.lowyat.net/topic/4397395,Najib: Semua acara saya pergi Malaysia menang,20170828T132900
https://forum.lowyat.net/topic/4398405,Handsome Khairy Wins Gold Medal For Polo,20170829T192100
https://forum.lowyat.net/topic/4398405,Handsome Khairy Wins Gold Medal For Polo,20170829T192100
https://forum.lowyat.net/topic/4398401,PAS divides Harapan on Facebook,20170829T191500
https://forum.lowyat.net/topic/4398401,PAS divides Harapan on Facebook,20170829T191500
https://forum.lowyat.net/topic/4398446,"Najib Launch River Of Life, Projek Kolam Biru",20170829T204900
https://forum.lowyat.net/topic/4398446,"Najib Launch River Of Life, Projek Kolam Biru",20170829T204900
https://forum.lowyat.net/topic/4397845,Why Khairy don't have Lato/Dato title but many,20170828T234700
https://forum.lowyat.net/topic/4397845,Why Khairy don't have Lato/Dato title but many,20170828T234700
https://forum.lowyat.net/topic/4397927,Heard Najib say we might be getting holiday!,20170829T080600
https://forum.lowyat.net/topic/4397927,Heard Najib say we might be getting holiday!,20170829T080600
https://forum.lowyat.net/topic/4398110,najib is the dark side?,20170829T125600
https://forum.lowyat.net/topic/4398110,najib is the dark side?,20170829T125600
https://forum.lowyat.net/topic/4398042,PKR Youth chief sacked due to cooperation with PAS,20170829T112400
https://forum.lowyat.net/topic/4398042,PKR Youth chief sacked due to cooperation with PAS,20170829T112400
https://forum.lowyat.net/topic/4398042,PKR Youth chief sacked due to cooperation with PAS,20170829T112400
https://forum.lowyat.net/topic/4398042,PKR Youth chief sacked due to cooperation with PAS,20170829T112400
https://forum.lowyat.net/topic/4398075,"""Saya dibidas Najib, dipecat Muhyiddin""",20170829T120500
https://forum.lowyat.net/topic/4398075,"""Saya dibidas Najib, dipecat Muhyiddin""",20170829T120500
https://forum.lowyat.net/topic/4398075,"""Saya dibidas Najib, dipecat Muhyiddin""",20170829T120500
https://forum.lowyat.net/topic/4398075,"""Saya dibidas Najib, dipecat Muhyiddin""",20170829T120500
https://forum.lowyat.net/topic/4397798,PM: YB Khairy Baru Maklum Kepada Saya,20170828T222000
https://forum.lowyat.net/topic/4397798,PM: YB Khairy Baru Maklum Kepada Saya,20170828T222000
https://forum.lowyat.net/topic/4397696,Khairy Kepada Skuad Bola Sepak: Pastikan Ibu,20170828T194300
https://forum.lowyat.net/topic/4397696,Khairy Kepada Skuad Bola Sepak: Pastikan Ibu,20170828T194300
https://forum.lowyat.net/topic/4397239,KJ and Nurul Izzah selfie....Izzah's face shy-shy,20170828T094000
https://forum.lowyat.net/topic/4397239,KJ and Nurul Izzah selfie....Izzah's face shy-shy,20170828T094000
https://forum.lowyat.net/topic/4397563,LIOW TIONG LAI going to win an OSCAR,20170828T163700
https://forum.lowyat.net/topic/4397563,LIOW TIONG LAI going to win an OSCAR,20170828T163700
https://forum.lowyat.net/topic/4397439,I like BN but dont like Najib,20170828T142100
https://forum.lowyat.net/topic/4397439,I like BN but dont like Najib,20170828T142100
https://forum.lowyat.net/topic/4397439,I like BN but dont like Najib,20170828T142100
https://forum.lowyat.net/topic/4397439,I like BN but dont like Najib,20170828T142100
https://forum.lowyat.net/topic/4397285,PKR: Civil War,20170828T104800
https://forum.lowyat.net/topic/4397285,PKR: Civil War,20170828T104800
https://forum.lowyat.net/topic/4397193,‘Why Najib? Can’t a female lead Women’s Advisory,20170828T053700
https://forum.lowyat.net/topic/4397193,‘Why Najib? Can’t a female lead Women’s Advisory,20170828T053700
https://forum.lowyat.net/topic/4396272,LGE roasted in anti-Najib fb group for Trump,20170826T105900
https://forum.lowyat.net/topic/4396272,LGE roasted in anti-Najib fb group for Trump,20170826T105900
https://forum.lowyat.net/topic/4396999,MCA Bahagian Pandan: Berhasrat Cipta Rekod,20170827T184200
https://forum.lowyat.net/topic/4396999,MCA Bahagian Pandan: Berhasrat Cipta Rekod,20170827T184200
https://forum.lowyat.net/topic/4397012,khairy's ex,20170827T190000
https://forum.lowyat.net/topic/4397012,khairy's ex,20170827T190000
https://forum.lowyat.net/topic/4396273,Indonesian netizens swoon over Khairy,20170826T110300
https://forum.lowyat.net/topic/4396273,Indonesian netizens swoon over Khairy,20170826T110300
https://forum.lowyat.net/topic/4396731,DPM Pukau Wanita MCA: kita Semua Rakyat Malaysia.,20170827T090200
https://forum.lowyat.net/topic/4396731,DPM Pukau Wanita MCA: kita Semua Rakyat Malaysia.,20170827T090200
https://forum.lowyat.net/topic/4396269,Penang MCA And Gerakan: A List Of Possible,20170826T104700
https://forum.lowyat.net/topic/4396269,Penang MCA And Gerakan: A List Of Possible,20170826T104700
https://forum.lowyat.net/topic/4396269,Penang MCA And Gerakan: A List Of Possible,20170826T104700
https://forum.lowyat.net/topic/4396269,Penang MCA And Gerakan: A List Of Possible,20170826T104700
https://forum.lowyat.net/topic/4396627,"MACC, your good name already tarnished when you",20170826T233300
https://forum.lowyat.net/topic/4396600,MCA Leader Liow Tiong Lai And Ong Ka Chuan Pay,20170826T223000
https://forum.lowyat.net/topic/4396600,MCA Leader Liow Tiong Lai And Ong Ka Chuan Pay,20170826T223000
https://forum.lowyat.net/topic/4396600,MCA Leader Liow Tiong Lai And Ong Ka Chuan Pay,20170826T223000
https://forum.lowyat.net/topic/4396600,MCA Leader Liow Tiong Lai And Ong Ka Chuan Pay,20170826T223000
https://forum.lowyat.net/topic/4396600,MCA Leader Liow Tiong Lai And Ong Ka Chuan Pay,20170826T223000
https://forum.lowyat.net/topic/4396600,MCA Leader Liow Tiong Lai And Ong Ka Chuan Pay,20170826T223000
https://forum.lowyat.net/topic/4396571,Azmin Ali: PKR Sedia Berbincang Dengan,20170826T210600
https://forum.lowyat.net/topic/4396571,Azmin Ali: PKR Sedia Berbincang Dengan,20170826T210600
https://forum.lowyat.net/topic/4396571,Azmin Ali: PKR Sedia Berbincang Dengan,20170826T210600
https://forum.lowyat.net/topic/4396571,Azmin Ali: PKR Sedia Berbincang Dengan,20170826T210600
https://forum.lowyat.net/topic/4396501,If mahathir so brilliant why he doesn't allocate,20170826T184100
https://forum.lowyat.net/topic/4396501,If mahathir so brilliant why he doesn't allocate,20170826T184100
https://forum.lowyat.net/topic/4396519,MACC: LGE Apologise in 48 hours or legal action,20170826T191300
https://forum.lowyat.net/topic/4396515,PAS assures Kak Wan it is determined to topple BN,20170826T190800
https://forum.lowyat.net/topic/4396515,PAS assures Kak Wan it is determined to topple BN,20170826T190800
https://forum.lowyat.net/topic/4396515,PAS assures Kak Wan it is determined to topple BN,20170826T190800
https://forum.lowyat.net/topic/4396515,PAS assures Kak Wan it is determined to topple BN,20170826T190800
https://forum.lowyat.net/topic/4396230,Khairy: Kontinjen Malaysia Berada Di Landasan,20170826T091200
https://forum.lowyat.net/topic/4396230,Khairy: Kontinjen Malaysia Berada Di Landasan,20170826T091200
https://forum.lowyat.net/topic/4396263,Sultan of Johor grants audience to Khairy,20170826T103400
https://forum.lowyat.net/topic/4396263,Sultan of Johor grants audience to Khairy,20170826T103400
https://forum.lowyat.net/topic/4395554,Mahathir wants to build another Proton,20170825T091800
https://forum.lowyat.net/topic/4395554,Mahathir wants to build another Proton,20170825T091800
https://forum.lowyat.net/topic/4395449,Popcorn please; Why Khairy always kena slammed by,20170825T002100
https://forum.lowyat.net/topic/4395449,Popcorn please; Why Khairy always kena slammed by,20170825T002100
https://forum.lowyat.net/topic/4395361,PM: Pilihan Raya Umum Ke-14 (PRU14) Boleh,20170824T205800
https://forum.lowyat.net/topic/4395983,Dr Mahathir: I don’t believe in Ketuanan Melayu,20170825T183800
https://forum.lowyat.net/topic/4395983,Dr Mahathir: I don’t believe in Ketuanan Melayu,20170825T183800
https://forum.lowyat.net/topic/4396043,Liow Tiong Lai and Shabery Cheek eating raw ginger,20170825T202200
https://forum.lowyat.net/topic/4396043,Liow Tiong Lai and Shabery Cheek eating raw ginger,20170825T202200
https://forum.lowyat.net/topic/4395784,PAS Kedah To Kit Siang: Usah Terlalu Yakin,20170825T141800
https://forum.lowyat.net/topic/4395784,PAS Kedah To Kit Siang: Usah Terlalu Yakin,20170825T141800
https://forum.lowyat.net/topic/4395415,MCA Member Benefits,20170824T224800
https://forum.lowyat.net/topic/4395415,MCA Member Benefits,20170824T224800
https://forum.lowyat.net/topic/4395576,Ah Long teams up with MACC to catch police,20170825T100700
https://forum.lowyat.net/topic/4393712,Handsome Khairy At Polo Opening Match,20170822T185800
https://forum.lowyat.net/topic/4393712,Handsome Khairy At Polo Opening Match,20170822T185800
https://forum.lowyat.net/topic/4395177,Cukur Kerajaan PKR Selangor,20170824T163000
https://forum.lowyat.net/topic/4395177,Cukur Kerajaan PKR Selangor,20170824T163000
https://forum.lowyat.net/topic/4395128,Lim Guan Eng membela Melayu,20170824T151800
https://forum.lowyat.net/topic/4395128,Lim Guan Eng membela Melayu,20170824T151800
https://forum.lowyat.net/topic/4395008,Guan Eng: DAP Tidak Pinggir Pembangunan Luar,20170824T130600
https://forum.lowyat.net/topic/4395008,Guan Eng: DAP Tidak Pinggir Pembangunan Luar,20170824T130600
https://forum.lowyat.net/topic/4394895,Handsome Khairy @ Malaysia VS Singapore Polo Match,20170824T111100
https://forum.lowyat.net/topic/4394895,Handsome Khairy @ Malaysia VS Singapore Polo Match,20170824T111100
https://forum.lowyat.net/topic/4394993,Dr Mahathir: I Will Not Resign As Pakatan Chairman,20170824T124900
https://forum.lowyat.net/topic/4394993,Dr Mahathir: I Will Not Resign As Pakatan Chairman,20170824T124900
https://forum.lowyat.net/topic/4394993,Dr Mahathir: I Will Not Resign As Pakatan Chairman,20170824T124900
https://forum.lowyat.net/topic/4394993,Dr Mahathir: I Will Not Resign As Pakatan Chairman,20170824T124900
https://forum.lowyat.net/topic/4394890,Khairy Jamaluddin: Rimau Has Publicly Snogged Nila,20170824T110500
https://forum.lowyat.net/topic/4394890,Khairy Jamaluddin: Rimau Has Publicly Snogged Nila,20170824T110500
https://forum.lowyat.net/topic/4393909,Indonesia invites Lim Guan Eng as Honored Guest!,20170823T001700
https://forum.lowyat.net/topic/4393909,Indonesia invites Lim Guan Eng as Honored Guest!,20170823T001700
https://forum.lowyat.net/topic/4394636,najib to visit White House?,20170823T212500
https://forum.lowyat.net/topic/4394636,najib to visit White House?,20170823T212500
https://forum.lowyat.net/topic/4394625,berapa ramai pelawak UMNO dalam /k/ ?,20170823T210200
https://forum.lowyat.net/topic/4394625,berapa ramai pelawak UMNO dalam /k/ ?,20170823T210200
https://forum.lowyat.net/topic/4394601,LDP sibeh jam now,20170823T200600
https://forum.lowyat.net/topic/4394601,LDP sibeh jam now,20170823T200600
https://forum.lowyat.net/topic/4394409,BN wooing back young Malaysians,20170823T160800
https://forum.lowyat.net/topic/4394409,BN wooing back young Malaysians,20170823T160800
https://forum.lowyat.net/topic/4393351,BN: DAP Tiada Dasar Jelas tadbir Pulau Pinang,20170822T120200
https://forum.lowyat.net/topic/4393351,BN: DAP Tiada Dasar Jelas tadbir Pulau Pinang,20170822T120200
https://forum.lowyat.net/topic/4393351,BN: DAP Tiada Dasar Jelas tadbir Pulau Pinang,20170822T120200
https://forum.lowyat.net/topic/4393351,BN: DAP Tiada Dasar Jelas tadbir Pulau Pinang,20170822T120200
https://forum.lowyat.net/topic/4394024,Mohd. Amar: Perbincangan Pas - PKR Tidak,20170823T095600
https://forum.lowyat.net/topic/4394024,Mohd. Amar: Perbincangan Pas - PKR Tidak,20170823T095600
https://forum.lowyat.net/topic/4394024,Mohd. Amar: Perbincangan Pas - PKR Tidak,20170823T095600
https://forum.lowyat.net/topic/4394024,Mohd. Amar: Perbincangan Pas - PKR Tidak,20170823T095600
https://forum.lowyat.net/topic/4394187,Lawyer Gobind Singh: Rafizi Still An MP For Now,20170823T123100
https://forum.lowyat.net/topic/4394187,Lawyer Gobind Singh: Rafizi Still An MP For Now,20170823T123100
https://forum.lowyat.net/topic/4393263,Gerakan: Selar DAP Nga Kor Ming Kaitkan,20170822T095600
https://forum.lowyat.net/topic/4393263,Gerakan: Selar DAP Nga Kor Ming Kaitkan,20170822T095600
https://forum.lowyat.net/topic/4393263,Gerakan: Selar DAP Nga Kor Ming Kaitkan,20170822T095600
https://forum.lowyat.net/topic/4393263,Gerakan: Selar DAP Nga Kor Ming Kaitkan,20170822T095600
https://forum.lowyat.net/topic/4394064,"Dr Wee Ka Siong: DAP And Pakatan Harapan, Stop",20170823T105100
https://forum.lowyat.net/topic/4394064,"Dr Wee Ka Siong: DAP And Pakatan Harapan, Stop",20170823T105100
https://forum.lowyat.net/topic/4394064,"Dr Wee Ka Siong: DAP And Pakatan Harapan, Stop",20170823T105100
https://forum.lowyat.net/topic/4394064,"Dr Wee Ka Siong: DAP And Pakatan Harapan, Stop",20170823T105100
https://forum.lowyat.net/topic/4394064,"Dr Wee Ka Siong: DAP And Pakatan Harapan, Stop",20170823T105100
https://forum.lowyat.net/topic/4394064,"Dr Wee Ka Siong: DAP And Pakatan Harapan, Stop",20170823T105100
https://forum.lowyat.net/topic/4394064,"Dr Wee Ka Siong: DAP And Pakatan Harapan, Stop",20170823T105100
https://forum.lowyat.net/topic/4394064,"Dr Wee Ka Siong: DAP And Pakatan Harapan, Stop",20170823T105100
https://forum.lowyat.net/topic/4393994,ROS delaying DAP,20170823T090500
https://forum.lowyat.net/topic/4393994,ROS delaying DAP,20170823T090500
https://forum.lowyat.net/topic/4393902,MACC twists and turns giving stupid excuses,20170823T001000
https://forum.lowyat.net/topic/4393882,Rosmah's warning of suing scares no one as she is,20170822T234600
https://forum.lowyat.net/topic/4393882,Rosmah's warning of suing scares no one as she is,20170822T234600
https://forum.lowyat.net/topic/4392874,Murad: Anwar Ibrahim Kept Forex Losses A Secret,20170821T195000
https://forum.lowyat.net/topic/4392874,Murad: Anwar Ibrahim Kept Forex Losses A Secret,20170821T195000
https://forum.lowyat.net/topic/4393570,Najib terima 793 lembu utk korban,20170822T162000
https://forum.lowyat.net/topic/4393570,Najib terima 793 lembu utk korban,20170822T162000
https://forum.lowyat.net/topic/4392472,"PRU13: PKR, DAP menang kerana jentera PAS, kata Ha",20170821T122000
https://forum.lowyat.net/topic/4392472,"PRU13: PKR, DAP menang kerana jentera PAS, kata Ha",20170821T122000
https://forum.lowyat.net/topic/4392472,"PRU13: PKR, DAP menang kerana jentera PAS, kata Ha",20170821T122000
https://forum.lowyat.net/topic/4392472,"PRU13: PKR, DAP menang kerana jentera PAS, kata Ha",20170821T122000
https://forum.lowyat.net/topic/4392472,"PRU13: PKR, DAP menang kerana jentera PAS, kata Ha",20170821T122000
https://forum.lowyat.net/topic/4392472,"PRU13: PKR, DAP menang kerana jentera PAS, kata Ha",20170821T122000
https://forum.lowyat.net/topic/4392095,Org Penang NOW support BN - Rahman Dahlan,20170820T203100
https://forum.lowyat.net/topic/4392095,Org Penang NOW support BN - Rahman Dahlan,20170820T203100
https://forum.lowyat.net/topic/4392487,Kit Siang To Hadi Awang: DAP And PKR Helped,20170821T123500
https://forum.lowyat.net/topic/4392487,Kit Siang To Hadi Awang: DAP And PKR Helped,20170821T123500
https://forum.lowyat.net/topic/4392487,Kit Siang To Hadi Awang: DAP And PKR Helped,20170821T123500
https://forum.lowyat.net/topic/4392487,Kit Siang To Hadi Awang: DAP And PKR Helped,20170821T123500
https://forum.lowyat.net/topic/4392185,"Good job, MACC for nabbing Isa but you have balls",20170820T231200
https://forum.lowyat.net/topic/4391642,TMJ slams Umno ‘cybertroopers’ over absence at SEA,20170819T211400
https://forum.lowyat.net/topic/4391642,TMJ slams Umno ‘cybertroopers’ over absence at SEA,20170819T211400
https://forum.lowyat.net/topic/4392225,Will MO1 replace Khairy with LCW as Sports,20170821T004400
https://forum.lowyat.net/topic/4392225,Will MO1 replace Khairy with LCW as Sports,20170821T004400
https://forum.lowyat.net/topic/4392093,Najib: Projek Perumahan Kos Sederhana Casa Anggun,20170820T202800
https://forum.lowyat.net/topic/4392093,Najib: Projek Perumahan Kos Sederhana Casa Anggun,20170820T202800
https://forum.lowyat.net/topic/4391804,Khairy regrets mistake over Indonesian flag,20170820T094000
https://forum.lowyat.net/topic/4391804,Khairy regrets mistake over Indonesian flag,20170820T094000
https://forum.lowyat.net/topic/4391780,Tan Sri Sharizat: PKR Nurul Izzah Sekadar,20170820T070100
https://forum.lowyat.net/topic/4391780,Tan Sri Sharizat: PKR Nurul Izzah Sekadar,20170820T070100
https://forum.lowyat.net/topic/4391780,Tan Sri Sharizat: PKR Nurul Izzah Sekadar,20170820T070100
https://forum.lowyat.net/topic/4391780,Tan Sri Sharizat: PKR Nurul Izzah Sekadar,20170820T070100
https://forum.lowyat.net/topic/4391810,Dr Khir Toyo: Where Are BN’s Candidates For,20170820T100500
https://forum.lowyat.net/topic/4391810,Dr Khir Toyo: Where Are BN’s Candidates For,20170820T100500
https://forum.lowyat.net/topic/4389446,Najib: Boleh lulus? Lulus!,20170816T193400
https://forum.lowyat.net/topic/4389446,Najib: Boleh lulus? Lulus!,20170816T193400
https://forum.lowyat.net/topic/4391761,"Yeke Najib kena ""Booo""? Atau....",20170820T025500
https://forum.lowyat.net/topic/4391761,"Yeke Najib kena ""Booo""? Atau....",20170820T025500
https://forum.lowyat.net/topic/4391714,Breaking News! Najib surrendered to police!,20170819T235900
https://forum.lowyat.net/topic/4391714,Breaking News! Najib surrendered to police!,20170819T235900
https://forum.lowyat.net/topic/4391637,Najib Legacy: Pan Borneo Highway,20170819T210600
https://forum.lowyat.net/topic/4391637,Najib Legacy: Pan Borneo Highway,20170819T210600
https://forum.lowyat.net/topic/4391640,Keruak: ‘Keadilan boleh dilewatkan tapi tak boleh,20170819T211200
https://forum.lowyat.net/topic/4391640,Keruak: ‘Keadilan boleh dilewatkan tapi tak boleh,20170819T211200
https://forum.lowyat.net/topic/4391611,"Pakcik kacau majlis PPBM, Sape tau ape cerita?",20170819T195300
https://forum.lowyat.net/topic/4391611,"Pakcik kacau majlis PPBM, Sape tau ape cerita?",20170819T195300
https://forum.lowyat.net/topic/4391561,lol y lks so sure he can win?,20170819T183000
https://forum.lowyat.net/topic/4391561,lol y lks so sure he can win?,20170819T183000
https://forum.lowyat.net/topic/4391368,Dr Mahathir: I’m Willing To Work For The People,20170819T125300
https://forum.lowyat.net/topic/4391368,Dr Mahathir: I’m Willing To Work For The People,20170819T125300
https://forum.lowyat.net/topic/4390792,DAP bukan lagi musuh utama org melayu,20170818T154800
https://forum.lowyat.net/topic/4390792,DAP bukan lagi musuh utama org melayu,20170818T154800
https://forum.lowyat.net/topic/4390511,Najib is not a dictator!,20170818T093500
https://forum.lowyat.net/topic/4390511,Najib is not a dictator!,20170818T093500
https://forum.lowyat.net/topic/4391108,Bekas pegawai: Mahathir miliki RM83b di Taiwan,20170818T213700
https://forum.lowyat.net/topic/4391108,Bekas pegawai: Mahathir miliki RM83b di Taiwan,20170818T213700
https://forum.lowyat.net/topic/4390735,Najib told to do homework on reformasi,20170818T144700
https://forum.lowyat.net/topic/4390735,Najib told to do homework on reformasi,20170818T144700
https://forum.lowyat.net/topic/4390600,Shows Najib is fair even to Oppo States,20170818T114500
https://forum.lowyat.net/topic/4390600,Shows Najib is fair even to Oppo States,20170818T114500
https://forum.lowyat.net/topic/4390569,Terimakasih BN,20170818T111000
https://forum.lowyat.net/topic/4390569,Terimakasih BN,20170818T111000
https://forum.lowyat.net/topic/4390348,Steven Lim: 150 People Join Klang MCA,20170817T235200
https://forum.lowyat.net/topic/4390348,Steven Lim: 150 People Join Klang MCA,20170817T235200
https://forum.lowyat.net/topic/4390129,Khairy Jamaluddin: Kementerian Bakal Bina,20170817T181200
https://forum.lowyat.net/topic/4390129,Khairy Jamaluddin: Kementerian Bakal Bina,20170817T181200
https://forum.lowyat.net/topic/4390501,Perak MCA Youth Daniel Wa: Received,20170818T091700
https://forum.lowyat.net/topic/4390501,Perak MCA Youth Daniel Wa: Received,20170818T091700
https://forum.lowyat.net/topic/4390490,Malaysian with SG PR can still buy prop below,20170818T085600
https://forum.lowyat.net/topic/4390490,Malaysian with SG PR can still buy prop below,20170818T085600
https://forum.lowyat.net/topic/4390101,Idris Haron: Kerajaan Melaka Tidak Bercadang Wajib,20170817T172600
https://forum.lowyat.net/topic/4390101,Idris Haron: Kerajaan Melaka Tidak Bercadang Wajib,20170817T172600
https://forum.lowyat.net/topic/4390061,MACC RAID SPAD OFFICE,20170817T163600
https://forum.lowyat.net/topic/4389727,DAP worker hailed for protecting Malay,20170817T092500
https://forum.lowyat.net/topic/4389727,DAP worker hailed for protecting Malay,20170817T092500
https://forum.lowyat.net/topic/4390005,Speculation: The Four Who Quit Melaka DAP,20170817T154900
https://forum.lowyat.net/topic/4390005,Speculation: The Four Who Quit Melaka DAP,20170817T154900
https://forum.lowyat.net/topic/4389992,Najib naik motor,20170817T152700
https://forum.lowyat.net/topic/4389992,Najib naik motor,20170817T152700
https://forum.lowyat.net/topic/4389902,Kecoh 'flashmob' AMK sambut Najib,20170817T140100
https://forum.lowyat.net/topic/4389902,Kecoh 'flashmob' AMK sambut Najib,20170817T140100
https://forum.lowyat.net/topic/4389407,Lim Kit Siang's hypocrisy picked up by RPK again,20170816T184200
https://forum.lowyat.net/topic/4389407,Lim Kit Siang's hypocrisy picked up by RPK again,20170816T184200
https://forum.lowyat.net/topic/4389474,Khairy Jamaluddin: Hasil Scan Polis Di Gate Di,20170816T203900
https://forum.lowyat.net/topic/4389474,Khairy Jamaluddin: Hasil Scan Polis Di Gate Di,20170816T203900
https://forum.lowyat.net/topic/4389847,PM Najib Mulakan Lawatan Kerja Sehari,20170817T125500
https://forum.lowyat.net/topic/4389847,PM Najib Mulakan Lawatan Kerja Sehari,20170817T125500
https://forum.lowyat.net/topic/4389823,Mahkamah Tinggi: Permohonan Tun Mahathir,20170817T121500
https://forum.lowyat.net/topic/4389823,Mahkamah Tinggi: Permohonan Tun Mahathir,20170817T121500
https://forum.lowyat.net/topic/4389764,"Najib: PPR AMPAR TENANG, DENGKIL",20170817T103900
https://forum.lowyat.net/topic/4389764,"Najib: PPR AMPAR TENANG, DENGKIL",20170817T103900
https://forum.lowyat.net/topic/4389530,"Khairuddin saman Rosmah, tuntut set barang kemas",20170816T215200
https://forum.lowyat.net/topic/4389530,"Khairuddin saman Rosmah, tuntut set barang kemas",20170816T215200
https://forum.lowyat.net/topic/4388649,Datuk Chuah Boon Seong: To Quit MCA And Contest,20170815T204500
https://forum.lowyat.net/topic/4388649,Datuk Chuah Boon Seong: To Quit MCA And Contest,20170815T204500
https://forum.lowyat.net/topic/4387623,'BN berisiko hilang Putrajaya jika gagal jelaskan,20170814T155200
https://forum.lowyat.net/topic/4387623,'BN berisiko hilang Putrajaya jika gagal jelaskan,20170814T155200
https://forum.lowyat.net/topic/4387887,Azmin Ali still trying to negotiate with PAS,20170814T211500
https://forum.lowyat.net/topic/4387887,Azmin Ali still trying to negotiate with PAS,20170814T211500
https://forum.lowyat.net/topic/4387887,Azmin Ali still trying to negotiate with PAS,20170814T211500
https://forum.lowyat.net/topic/4387887,Azmin Ali still trying to negotiate with PAS,20170814T211500
https://forum.lowyat.net/topic/4388707,Gerakan: Kit Siang Dicabar Tanding Di Salah Satu,20170815T220100
https://forum.lowyat.net/topic/4388707,Gerakan: Kit Siang Dicabar Tanding Di Salah Satu,20170815T220100
https://forum.lowyat.net/topic/4388515,MACC arrests Isa Samad over FIC hotels buy,20170815T171700
https://forum.lowyat.net/topic/4386701,EXCLUSIVE: MACC investigating,20170813T101400
https://forum.lowyat.net/topic/4388122,Dr Norlela: Not Keen On Contesting In GE14,20170815T102100
https://forum.lowyat.net/topic/4387774,"BN tidak tahu, tidak mahu tahu mengapa PRU13 kalah",20170814T183100
https://forum.lowyat.net/topic/4387774,"BN tidak tahu, tidak mahu tahu mengapa PRU13 kalah",20170814T183100
https://forum.lowyat.net/topic/4387632,Nothing to hide 2.0 sample question and anwar,20170814T160600
https://forum.lowyat.net/topic/4387632,Nothing to hide 2.0 sample question and anwar,20170814T160600
https://forum.lowyat.net/topic/4387138,Double standards by Police and MACC as they favor,20170814T011400
https://forum.lowyat.net/topic/4387318,"Tunku Abdul Aziz: DAP Terlalu ‘Bersih’,",20170814T110900
https://forum.lowyat.net/topic/4387318,"Tunku Abdul Aziz: DAP Terlalu ‘Bersih’,",20170814T110900
https://forum.lowyat.net/topic/4387846,Pua: Not Everyone Is Born Stupid,20170814T200000
https://forum.lowyat.net/topic/4387846,Pua: Not Everyone Is Born Stupid,20170814T200000
https://forum.lowyat.net/topic/4387119,"calling keyboard warriors, BN tak syiok",20170814T001900
https://forum.lowyat.net/topic/4387119,"calling keyboard warriors, BN tak syiok",20170814T001900
https://forum.lowyat.net/topic/4387958,Thanks najib razak. Tak jadi order ayam dannok,20170814T224900
https://forum.lowyat.net/topic/4387958,Thanks najib razak. Tak jadi order ayam dannok,20170814T224900
https://forum.lowyat.net/topic/4385887,BIG BLOW TO NAJIB#62- The end is nearer for MO1,20170812T000700
https://forum.lowyat.net/topic/4385887,BIG BLOW TO NAJIB#62- The end is nearer for MO1,20170812T000700
https://forum.lowyat.net/topic/4387931,MACC: Court Order On Phee Booh Poh Remand,20170814T221500
https://forum.lowyat.net/topic/4387834,Najib's tower growing can u spot it?,20170814T194700
https://forum.lowyat.net/topic/4387834,Najib's tower growing can u spot it?,20170814T194700
https://forum.lowyat.net/topic/4387693,Azmin TUDUH Najib the cause of forum chaos,20170814T171400
https://forum.lowyat.net/topic/4387693,Azmin TUDUH Najib the cause of forum chaos,20170814T171400
https://forum.lowyat.net/topic/4385668,What if BBC Hard Talk drill Najib?,20170811T182300
https://forum.lowyat.net/topic/4385668,What if BBC Hard Talk drill Najib?,20170811T182300
https://forum.lowyat.net/topic/4384835,What happen if BN mampus in election?,20170810T174900
https://forum.lowyat.net/topic/4384835,What happen if BN mampus in election?,20170810T174900
https://forum.lowyat.net/topic/4386938,Is UMNO MP Abdul Aziz in deep shxt for bravely,20170813T181800
https://forum.lowyat.net/topic/4386938,Is UMNO MP Abdul Aziz in deep shxt for bravely,20170813T181800
https://forum.lowyat.net/topic/4385901,"Will IGP, AG,Bank Negara, MACC do the right thing",20170812T004200
https://forum.lowyat.net/topic/4386932,‘PKR leaders’ meeting with Hadi proves crisis in P,20170813T180500
https://forum.lowyat.net/topic/4386932,‘PKR leaders’ meeting with Hadi proves crisis in P,20170813T180500
https://forum.lowyat.net/topic/4386949,Gerakan president urges party members to be keyboa,20170813T183100
https://forum.lowyat.net/topic/4386949,Gerakan president urges party members to be keyboa,20170813T183100
https://forum.lowyat.net/topic/4386915,Why MACC arrest Phee for obstruction but never,20170813T173500
https://forum.lowyat.net/topic/4386751,Najib@#DoaUntukMalaysia,20170813T114300
https://forum.lowyat.net/topic/4386751,Najib@#DoaUntukMalaysia,20170813T114300
https://forum.lowyat.net/topic/4386681,Amanah: Desak 1MDB Jelaskan Sumber Kewangan Yang,20170813T090600
https://forum.lowyat.net/topic/4386681,Amanah: Desak 1MDB Jelaskan Sumber Kewangan Yang,20170813T090600
https://forum.lowyat.net/topic/4386668,Khairul: Usaha Pertahankan UMNO Daripada Dihancur,20170813T071900
https://forum.lowyat.net/topic/4386668,Khairul: Usaha Pertahankan UMNO Daripada Dihancur,20170813T071900
https://forum.lowyat.net/topic/4386545,Datin Seri Rosmah: Determined To Expand,20170812T212100
https://forum.lowyat.net/topic/4386545,Datin Seri Rosmah: Determined To Expand,20170812T212100
https://forum.lowyat.net/topic/4385898,Zahid: Chinese voters have returned to BN,20170812T003400
https://forum.lowyat.net/topic/4385898,Zahid: Chinese voters have returned to BN,20170812T003400
https://forum.lowyat.net/topic/4386125,Pandan MP Rafizi: PM Najib Hanya Ada Dua Pilihan,20170812T120400
https://forum.lowyat.net/topic/4386125,Pandan MP Rafizi: PM Najib Hanya Ada Dua Pilihan,20170812T120400
https://forum.lowyat.net/topic/4386125,Pandan MP Rafizi: PM Najib Hanya Ada Dua Pilihan,20170812T120400
https://forum.lowyat.net/topic/4386125,Pandan MP Rafizi: PM Najib Hanya Ada Dua Pilihan,20170812T120400
https://forum.lowyat.net/topic/4385916,Unsurprisingly MACC says no basis to probe his,20170812T011400
https://forum.lowyat.net/topic/4385779,U treat Najib good he treat u back good.,20170811T204000
https://forum.lowyat.net/topic/4385779,U treat Najib good he treat u back good.,20170811T204000
https://forum.lowyat.net/topic/4386038,"Balu PI Bala saman semula Najib, Rosmah",20170812T101500
https://forum.lowyat.net/topic/4386038,"Balu PI Bala saman semula Najib, Rosmah",20170812T101500
https://forum.lowyat.net/topic/4386038,"Balu PI Bala saman semula Najib, Rosmah",20170812T101500
https://forum.lowyat.net/topic/4386038,"Balu PI Bala saman semula Najib, Rosmah",20170812T101500
https://forum.lowyat.net/topic/4380134,Update: TGHA saman Sarawak Report,20170805T184300
https://forum.lowyat.net/topic/4380134,Update: TGHA saman Sarawak Report,20170805T184300
https://forum.lowyat.net/topic/4385322,Akta 164:PAS dinasihati agar tidak 'merapu',20170811T120600
https://forum.lowyat.net/topic/4385322,Akta 164:PAS dinasihati agar tidak 'merapu',20170811T120600
https://forum.lowyat.net/topic/4385746,Penang exco arrested by MACC,20170811T193800
https://forum.lowyat.net/topic/4385798,"Balu PI Bala saman semula Najib, Rosmah dan 7 lagi",20170811T210300
https://forum.lowyat.net/topic/4385798,"Balu PI Bala saman semula Najib, Rosmah dan 7 lagi",20170811T210300
https://forum.lowyat.net/topic/4385798,"Balu PI Bala saman semula Najib, Rosmah dan 7 lagi",20170811T210300
https://forum.lowyat.net/topic/4385798,"Balu PI Bala saman semula Najib, Rosmah dan 7 lagi",20170811T210300
https://forum.lowyat.net/topic/4385462,MACC raids office of Penang exco member,20170811T143100
https://forum.lowyat.net/topic/4384642,Najib > Opposition+Mahathir,20170810T143300
https://forum.lowyat.net/topic/4384642,Najib > Opposition+Mahathir,20170810T143300
https://forum.lowyat.net/topic/4384642,Najib > Opposition+Mahathir,20170810T143300
https://forum.lowyat.net/topic/4384642,Najib > Opposition+Mahathir,20170810T143300
https://forum.lowyat.net/topic/4385264,Datin Seri Rosmah Terima Anugerah Tokoh Wanita,20170811T103900
https://forum.lowyat.net/topic/4385264,Datin Seri Rosmah Terima Anugerah Tokoh Wanita,20170811T103900
https://forum.lowyat.net/topic/4385382,MACC: Raids Office Of Penang Exco Member,20170811T130500
https://forum.lowyat.net/topic/4385361,Umno Permatang Pauh: Many More Illegal Factories,20170811T124900
https://forum.lowyat.net/topic/4385361,Umno Permatang Pauh: Many More Illegal Factories,20170811T124900
https://forum.lowyat.net/topic/4385252,Datuk Huan Cheng: Lim Guan Eng Jadilah Anak Jantan,20170811T101500
https://forum.lowyat.net/topic/4385252,Datuk Huan Cheng: Lim Guan Eng Jadilah Anak Jantan,20170811T101500
https://forum.lowyat.net/topic/4384931,MACC urges public to report civil servants living,20170810T193300
https://forum.lowyat.net/topic/4384845,"Rosmah minta tambah dana demi rakyat, kata pegawai",20170810T180000
https://forum.lowyat.net/topic/4384845,"Rosmah minta tambah dana demi rakyat, kata pegawai",20170810T180000
https://forum.lowyat.net/topic/4384933,Khairy Jamaluddin: Malaysia Sasar Ulangi,20170810T193600
https://forum.lowyat.net/topic/4384933,Khairy Jamaluddin: Malaysia Sasar Ulangi,20170810T193600
https://forum.lowyat.net/topic/4384850,BN very good spending power but always IOU back,20170810T180500
https://forum.lowyat.net/topic/4384850,BN very good spending power but always IOU back,20170810T180500
https://forum.lowyat.net/topic/4384684,PAS Leader a minority,20170810T151500
https://forum.lowyat.net/topic/4384684,PAS Leader a minority,20170810T151500
https://forum.lowyat.net/topic/4384683,Annuar Musa: PM Najib Tak Perlu Layan Perkara,20170810T151400
https://forum.lowyat.net/topic/4384683,Annuar Musa: PM Najib Tak Perlu Layan Perkara,20170810T151400
https://forum.lowyat.net/topic/4383607,Najib sold too many asset to china and soon china,20170809T153600
https://forum.lowyat.net/topic/4383607,Najib sold too many asset to china and soon china,20170809T153600
https://forum.lowyat.net/topic/4384536,"BN admit it, MO1 is najib. habislah fall into DAP",20170810T130800
https://forum.lowyat.net/topic/4384536,"BN admit it, MO1 is najib. habislah fall into DAP",20170810T130800
https://forum.lowyat.net/topic/4384536,"BN admit it, MO1 is najib. habislah fall into DAP",20170810T130800
https://forum.lowyat.net/topic/4384536,"BN admit it, MO1 is najib. habislah fall into DAP",20170810T130800
https://forum.lowyat.net/topic/4384536,"BN admit it, MO1 is najib. habislah fall into DAP",20170810T130800
https://forum.lowyat.net/topic/4384536,"BN admit it, MO1 is najib. habislah fall into DAP",20170810T130800
https://forum.lowyat.net/topic/4384518,BN MP calls DAP MP 'bodoh' in Parliament over MO1,20170810T124800
https://forum.lowyat.net/topic/4384518,BN MP calls DAP MP 'bodoh' in Parliament over MO1,20170810T124800
https://forum.lowyat.net/topic/4384518,BN MP calls DAP MP 'bodoh' in Parliament over MO1,20170810T124800
https://forum.lowyat.net/topic/4384518,BN MP calls DAP MP 'bodoh' in Parliament over MO1,20170810T124800
https://forum.lowyat.net/topic/4384324,I'm hoping for PH to lose for a purge to happen,20170810T084900
https://forum.lowyat.net/topic/4384324,I'm hoping for PH to lose for a purge to happen,20170810T084900
https://forum.lowyat.net/topic/4384324,I'm hoping for PH to lose for a purge to happen,20170810T084900
https://forum.lowyat.net/topic/4384324,I'm hoping for PH to lose for a purge to happen,20170810T084900
https://forum.lowyat.net/topic/4384472,since both also shit i demand dap do this.,20170810T113700
https://forum.lowyat.net/topic/4384472,since both also shit i demand dap do this.,20170810T113700
https://forum.lowyat.net/topic/4384314,DAP Kerk Kim Hock passed away,20170810T083000
https://forum.lowyat.net/topic/4384314,DAP Kerk Kim Hock passed away,20170810T083000
https://forum.lowyat.net/topic/4384205,DAP Pertikai PAS dapat Taklimat 1 MDB,20170810T003200
https://forum.lowyat.net/topic/4384205,DAP Pertikai PAS dapat Taklimat 1 MDB,20170810T003200
https://forum.lowyat.net/topic/4384205,DAP Pertikai PAS dapat Taklimat 1 MDB,20170810T003200
https://forum.lowyat.net/topic/4384205,DAP Pertikai PAS dapat Taklimat 1 MDB,20170810T003200
https://forum.lowyat.net/topic/4383948,DAP veteran Kerk Kim Hock dies,20170809T204900
https://forum.lowyat.net/topic/4383948,DAP veteran Kerk Kim Hock dies,20170809T204900
https://forum.lowyat.net/topic/4382634,MCA Man No-show At Meeting Today,20170808T165600
https://forum.lowyat.net/topic/4382634,MCA Man No-show At Meeting Today,20170808T165600
https://forum.lowyat.net/topic/4383609,"Rosmah ""mengjengkelkan""",20170809T154400
https://forum.lowyat.net/topic/4383609,"Rosmah ""mengjengkelkan""",20170809T154400
https://forum.lowyat.net/topic/4382890,US Secretary Of State Rex Tillerson Meets PM Najib,20170808T211800
https://forum.lowyat.net/topic/4382890,US Secretary Of State Rex Tillerson Meets PM Najib,20170808T211800
https://forum.lowyat.net/topic/4383024,DAP immediately lodge report after useless MACC,20170809T001800
https://forum.lowyat.net/topic/4383024,DAP immediately lodge report after useless MACC,20170809T001800
https://forum.lowyat.net/topic/4383024,DAP immediately lodge report after useless MACC,20170809T001800
https://forum.lowyat.net/topic/4380033,"Dzulkifli Ahmad: MACC Yet To Receive Report,",20170805T165600
https://forum.lowyat.net/topic/4381654,Najib & Hadi Innocent of,20170807T174200
https://forum.lowyat.net/topic/4381654,Najib & Hadi Innocent of,20170807T174200
https://forum.lowyat.net/topic/4375592,BIG BLOW TO NAJIB#60 -MO1 implicated as Razak,20170801T212000
https://forum.lowyat.net/topic/4375592,BIG BLOW TO NAJIB#60 -MO1 implicated as Razak,20170801T212000
https://forum.lowyat.net/topic/4382908,US Secretary of State meets Najib,20170808T215500
https://forum.lowyat.net/topic/4382908,US Secretary of State meets Najib,20170808T215500
https://forum.lowyat.net/topic/4382204,PM: Kerajaan BN Bukan Kerajaan Populis,20170808T105100
https://forum.lowyat.net/topic/4382204,PM: Kerajaan BN Bukan Kerajaan Populis,20170808T105100
https://forum.lowyat.net/topic/4381657,Najib kepit lagi?,20170807T174600
https://forum.lowyat.net/topic/4381657,Najib kepit lagi?,20170807T174600
https://forum.lowyat.net/topic/4381796,MACC: Women less inclined to commit fraud,20170807T210700
https://forum.lowyat.net/topic/4381810,Tuan Ibrahim: PAS Puas Hati Sesi Meja Bulat 1MDB,20170807T212000
https://forum.lowyat.net/topic/4381810,Tuan Ibrahim: PAS Puas Hati Sesi Meja Bulat 1MDB,20170807T212000
https://forum.lowyat.net/topic/4381554,Lim Guan Eng Won!,20170807T161600
https://forum.lowyat.net/topic/4381554,Lim Guan Eng Won!,20170807T161600
https://forum.lowyat.net/topic/4381793,Gerakan: CM Guan Eng Not Transparent,20170807T210400
https://forum.lowyat.net/topic/4381793,Gerakan: CM Guan Eng Not Transparent,20170807T210400
https://forum.lowyat.net/topic/4380809,Rosmah : Need ask Najib for more money for diamond,20170806T231400
https://forum.lowyat.net/topic/4380809,Rosmah : Need ask Najib for more money for diamond,20170806T231400
https://forum.lowyat.net/topic/4380809,Rosmah : Need ask Najib for more money for diamond,20170806T231400
https://forum.lowyat.net/topic/4380809,Rosmah : Need ask Najib for more money for diamond,20170806T231400
https://forum.lowyat.net/topic/4381198,Najib: I have faith in Zahid,20170807T114600
https://forum.lowyat.net/topic/4381198,Najib: I have faith in Zahid,20170807T114600
https://forum.lowyat.net/topic/4380617,Datuk David Ang: Gerakan Selangor Perlu Kukuhkan,20170806T172600
https://forum.lowyat.net/topic/4380617,Datuk David Ang: Gerakan Selangor Perlu Kukuhkan,20170806T172600
https://forum.lowyat.net/topic/4380643,Nazri Aziz: Mahathir Juga Perlu Sedia Disiasat,20170806T180100
https://forum.lowyat.net/topic/4380643,Nazri Aziz: Mahathir Juga Perlu Sedia Disiasat,20170806T180100
https://forum.lowyat.net/topic/4380711,"Pemuda UMNO Jasin: Cadang Najib kekal Presiden,",20170806T201400
https://forum.lowyat.net/topic/4380711,"Pemuda UMNO Jasin: Cadang Najib kekal Presiden,",20170806T201400
https://forum.lowyat.net/topic/4380711,"Pemuda UMNO Jasin: Cadang Najib kekal Presiden,",20170806T201400
https://forum.lowyat.net/topic/4380711,"Pemuda UMNO Jasin: Cadang Najib kekal Presiden,",20170806T201400
https://forum.lowyat.net/topic/4380741,"Hisham, Nazri want MACC to probe Mahathir family’s",20170806T210800
https://forum.lowyat.net/topic/4380741,"Hisham, Nazri want MACC to probe Mahathir family’s",20170806T210800
https://forum.lowyat.net/topic/4380741,"Hisham, Nazri want MACC to probe Mahathir family’s",20170806T210800
https://forum.lowyat.net/topic/4381240,"Umno gesa tol Batu Tiga, Sungai Rasau dihapuskan",20170807T120400
https://forum.lowyat.net/topic/4381240,"Umno gesa tol Batu Tiga, Sungai Rasau dihapuskan",20170807T120400
https://forum.lowyat.net/topic/4380772,Rosmah Fosters Good Relationship,20170806T221300
https://forum.lowyat.net/topic/4380772,Rosmah Fosters Good Relationship,20170806T221300
https://forum.lowyat.net/topic/4380157,Polis siasat ‘konspirasi’ guling Najib,20170805T192100
https://forum.lowyat.net/topic/4380157,Polis siasat ‘konspirasi’ guling Najib,20170805T192100
https://forum.lowyat.net/topic/4380608,mca insurance!,20170806T170500
https://forum.lowyat.net/topic/4380608,mca insurance!,20170806T170500
https://forum.lowyat.net/topic/4380482,PKR Nurul Izzah Dan Zuraida Kamaruddin Di,20170806T131600
https://forum.lowyat.net/topic/4380482,PKR Nurul Izzah Dan Zuraida Kamaruddin Di,20170806T131600
https://forum.lowyat.net/topic/4380482,PKR Nurul Izzah Dan Zuraida Kamaruddin Di,20170806T131600
https://forum.lowyat.net/topic/4380482,PKR Nurul Izzah Dan Zuraida Kamaruddin Di,20170806T131600
https://forum.lowyat.net/topic/4380440,Debat: MCA Ng Kian Nam VS DAP Teo Kok Seng,20170806T112700
https://forum.lowyat.net/topic/4380440,Debat: MCA Ng Kian Nam VS DAP Teo Kok Seng,20170806T112700
https://forum.lowyat.net/topic/4380440,Debat: MCA Ng Kian Nam VS DAP Teo Kok Seng,20170806T112700
https://forum.lowyat.net/topic/4380440,Debat: MCA Ng Kian Nam VS DAP Teo Kok Seng,20170806T112700
https://forum.lowyat.net/topic/4380406,Idris Ahmad: New Parties Joining Third,20170806T101100
https://forum.lowyat.net/topic/4380406,Idris Ahmad: New Parties Joining Third,20170806T101100
https://forum.lowyat.net/topic/4380152,can anwar ibrahim do this?,20170805T190400
https://forum.lowyat.net/topic/4380152,can anwar ibrahim do this?,20170805T190400
https://forum.lowyat.net/topic/4377500,Is DAP doing good job governing Penang?,20170803T114800
https://forum.lowyat.net/topic/4377500,Is DAP doing good job governing Penang?,20170803T114800
https://forum.lowyat.net/topic/4380372,Bung Moktar: Ahli UMNO Diminta Tidak Terpedaya,20170806T064700
https://forum.lowyat.net/topic/4380372,Bung Moktar: Ahli UMNO Diminta Tidak Terpedaya,20170806T064700
https://forum.lowyat.net/topic/4380167,Kit Siang blindly walked into Najib’s trap,20170805T193700
https://forum.lowyat.net/topic/4380167,Kit Siang blindly walked into Najib’s trap,20170805T193700
https://forum.lowyat.net/topic/4379368,Apa yang Najib dah buat lepas raya hingga kini.,20170804T203000
https://forum.lowyat.net/topic/4379368,Apa yang Najib dah buat lepas raya hingga kini.,20170804T203000
https://forum.lowyat.net/topic/4380175,Rahman Dahlan: BN Thanks To Guan Eng In,20170805T200600
https://forum.lowyat.net/topic/4380175,Rahman Dahlan: BN Thanks To Guan Eng In,20170805T200600
https://forum.lowyat.net/topic/4379856,Cabinet agrees to empower Syariah Court,20170805T140200
https://forum.lowyat.net/topic/4379273,Najib: Opposition lying on why GST introduced,20170804T185800
https://forum.lowyat.net/topic/4379273,Najib: Opposition lying on why GST introduced,20170804T185800
https://forum.lowyat.net/topic/4379696,Gerakan: Guan Eng Perlu Jujur Dengan,20170805T103300
https://forum.lowyat.net/topic/4379696,Gerakan: Guan Eng Perlu Jujur Dengan,20170805T103300
https://forum.lowyat.net/topic/4379552,Clearly MACC Chief not very smart when he does not,20170805T002300
https://forum.lowyat.net/topic/4379414,TPM: kemenangan BN Di Kedah Pada PRU13,20170804T211900
https://forum.lowyat.net/topic/4379414,TPM: kemenangan BN Di Kedah Pada PRU13,20170804T211900
https://forum.lowyat.net/topic/4379532,BIG BLOW TO NAJIB#61- Best opportunity for GE14,20170804T233800
https://forum.lowyat.net/topic/4379532,BIG BLOW TO NAJIB#61- Best opportunity for GE14,20170804T233800
https://forum.lowyat.net/topic/4379532,BIG BLOW TO NAJIB#61- Best opportunity for GE14,20170804T233800
https://forum.lowyat.net/topic/4379547,Shocking! MACC corruption free-pledge applies to,20170805T001100
https://forum.lowyat.net/topic/4379451,Malays & UMNO used me - Madey,20170804T215900
https://forum.lowyat.net/topic/4379451,Malays & UMNO used me - Madey,20170804T215900
https://forum.lowyat.net/topic/4379395,"Najib play with gun, Zahid laughs, Hisham tengok",20170804T205800
https://forum.lowyat.net/topic/4379395,"Najib play with gun, Zahid laughs, Hisham tengok",20170804T205800
https://forum.lowyat.net/topic/4378463,"Mufti: MRT bukti kerajaan tunai amanah, tggjawab",20170804T074000
https://forum.lowyat.net/topic/4378463,"Mufti: MRT bukti kerajaan tunai amanah, tggjawab",20170804T074000
https://forum.lowyat.net/topic/4379306,zahid reveal chief mastermind to topple najib,20170804T192000
https://forum.lowyat.net/topic/4379306,zahid reveal chief mastermind to topple najib,20170804T192000
https://forum.lowyat.net/topic/4379259,Sarawak Ministers & BN Leaders: Early 67th,20170804T185000
https://forum.lowyat.net/topic/4379259,Sarawak Ministers & BN Leaders: Early 67th,20170804T185000
https://forum.lowyat.net/topic/4378908,PM: Dr Mahathir Memaksa Pemimpin Pembangkang Lain,20170804T143200
https://forum.lowyat.net/topic/4378908,PM: Dr Mahathir Memaksa Pemimpin Pembangkang Lain,20170804T143200
https://forum.lowyat.net/topic/4378811,Report: Two reasons why BN may lose GE14,20170804T131200
https://forum.lowyat.net/topic/4378811,Report: Two reasons why BN may lose GE14,20170804T131200
https://forum.lowyat.net/topic/4378811,Report: Two reasons why BN may lose GE14,20170804T131200
https://forum.lowyat.net/topic/4375625,DPM may be in deep shxt as Mahathir IC may have,20170801T214400
https://forum.lowyat.net/topic/4375625,DPM may be in deep shxt as Mahathir IC may have,20170801T214400
https://forum.lowyat.net/topic/4378819,"Penang UMNO Youth: Guan Eng, Resign Now Since",20170804T132100
https://forum.lowyat.net/topic/4378819,"Penang UMNO Youth: Guan Eng, Resign Now Since",20170804T132100
https://forum.lowyat.net/topic/4377912,Penang BN Youth: Why 36 DAP Mps Silent Over,20170803T173400
https://forum.lowyat.net/topic/4377912,Penang BN Youth: Why 36 DAP Mps Silent Over,20170803T173400
https://forum.lowyat.net/topic/4377912,Penang BN Youth: Why 36 DAP Mps Silent Over,20170803T173400
https://forum.lowyat.net/topic/4377912,Penang BN Youth: Why 36 DAP Mps Silent Over,20170803T173400
https://forum.lowyat.net/topic/4378807,"Rafizi sasar RM300,000 tetapi kumpul RM1.5 juta",20170804T131000
https://forum.lowyat.net/topic/4378807,"Rafizi sasar RM300,000 tetapi kumpul RM1.5 juta",20170804T131000
https://forum.lowyat.net/topic/4378779,MACC: Penang Finally Signs Anti-corruption Pledge,20170804T123500
https://forum.lowyat.net/topic/4378005,LKS orang mane sebenarnya ye?,20170803T183700
https://forum.lowyat.net/topic/4378005,LKS orang mane sebenarnya ye?,20170803T183700
https://forum.lowyat.net/topic/4378770,Penang BN Youth: Denied Practising Double,20170804T122600
https://forum.lowyat.net/topic/4378770,Penang BN Youth: Denied Practising Double,20170804T122600
https://forum.lowyat.net/topic/4378659,Mahathir: Forex losses – a bet Bank Negara lost,20170804T111000
https://forum.lowyat.net/topic/4378659,Mahathir: Forex losses – a bet Bank Negara lost,20170804T111000
https://forum.lowyat.net/topic/4378141,'Mahathir celaka!' - Jamal,20170803T210500
https://forum.lowyat.net/topic/4378141,'Mahathir celaka!' - Jamal,20170803T210500
https://forum.lowyat.net/topic/4376537,Nur Jazlan: Memang namanya,20170802T145100
https://forum.lowyat.net/topic/4376537,Nur Jazlan: Memang namanya,20170802T145100
https://forum.lowyat.net/topic/4377683,GE14 may use old boundaries,20170803T143300
https://forum.lowyat.net/topic/4376161,"Tun tak minta, Najib pulak yang minta.",20170802T104200
https://forum.lowyat.net/topic/4376161,"Tun tak minta, Najib pulak yang minta.",20170802T104200
https://forum.lowyat.net/topic/4377172,What a joke! MACC setup team to probe everyone,20170802T234600
https://forum.lowyat.net/topic/4376931,Salleh Keruak: Pakatan Harapan Solidarity Pale,20170802T195400
https://forum.lowyat.net/topic/4376931,Salleh Keruak: Pakatan Harapan Solidarity Pale,20170802T195400
https://forum.lowyat.net/topic/4376931,Salleh Keruak: Pakatan Harapan Solidarity Pale,20170802T195400
https://forum.lowyat.net/topic/4376931,Salleh Keruak: Pakatan Harapan Solidarity Pale,20170802T195400
https://forum.lowyat.net/topic/4376794,Jazlan: Memang namanya ‘Mahathir a/l Iskandar Kutt,20170802T175900
https://forum.lowyat.net/topic/4376794,Jazlan: Memang namanya ‘Mahathir a/l Iskandar Kutt,20170802T175900
https://forum.lowyat.net/topic/4376738,MACC: 140 kakitangan Majlis Perbandaran Manjung,20170802T171400
https://forum.lowyat.net/topic/4376098,Penang Front Party: Lodges MACC Report On,20170802T095400
https://forum.lowyat.net/topic/4376257,Very cool hoodie from pas,20170802T114400
https://forum.lowyat.net/topic/4376257,Very cool hoodie from pas,20170802T114400
https://forum.lowyat.net/topic/4375610,Perkasa: Zahid guna peluru kapur serang Mahathir,20170801T213400
https://forum.lowyat.net/topic/4375610,Perkasa: Zahid guna peluru kapur serang Mahathir,20170801T213400
https://forum.lowyat.net/topic/4374986,"Pas not popular among youth, BN #1",20170801T104300
https://forum.lowyat.net/topic/4374986,"Pas not popular among youth, BN #1",20170801T104300
https://forum.lowyat.net/topic/4374986,"Pas not popular among youth, BN #1",20170801T104300
https://forum.lowyat.net/topic/4374986,"Pas not popular among youth, BN #1",20170801T104300
https://forum.lowyat.net/topic/4376010,JMMWPserah aduan brhubung Marina Mahathir kpd JAWI,20170802T081300
https://forum.lowyat.net/topic/4376010,JMMWPserah aduan brhubung Marina Mahathir kpd JAWI,20170802T081300
https://forum.lowyat.net/topic/4375418,Najib: Don’t look down at your own country,20170801T181700
https://forum.lowyat.net/topic/4375418,Najib: Don’t look down at your own country,20170801T181700
https://forum.lowyat.net/topic/4375606,Zahid’s blunder comment on Dr Mahathir’s Indian,20170801T213100
https://forum.lowyat.net/topic/4375606,Zahid’s blunder comment on Dr Mahathir’s Indian,20170801T213100
https://forum.lowyat.net/topic/4375571,Party loving PR chief of MO1 causing discontent in,20170801T205500
https://forum.lowyat.net/topic/4375571,Party loving PR chief of MO1 causing discontent in,20170801T205500
https://forum.lowyat.net/topic/4374865,Mahathir: Dulu Zahid mintak tolong I ganti Bijan.,20170801T011000
https://forum.lowyat.net/topic/4374865,Mahathir: Dulu Zahid mintak tolong I ganti Bijan.,20170801T011000
https://forum.lowyat.net/topic/4375153,"No plan to ‘delete’ Mahathir from text books,",20170801T143500
https://forum.lowyat.net/topic/4375153,"No plan to ‘delete’ Mahathir from text books,",20170801T143500
https://forum.lowyat.net/topic/4375033,Liow: DAP An Opportunistic Party Lacking Principle,20170801T115400
https://forum.lowyat.net/topic/4375033,Liow: DAP An Opportunistic Party Lacking Principle,20170801T115400
https://forum.lowyat.net/topic/4374913,MACC: Seventeen Finance Ministry Staff Sign,20170801T082900
